{"__type__":"cc.AnimationClip","_name":"HitMissClip","_duration":0.4166666666666667,"curveData":{"props":{"position":[{"frame":0,"value":[120.968,-23.738,0]},{"frame":0.4166666666666667,"value":[120.968,72.202,0]}]}}}